{
    "NK": {
        "SA": {
            "avgTime": [
                2.740915
            ],
            "avgFault": [
                0.001581
            ],
            "maxFault": [
                0.029125
            ],
            "maxTime": [
                2.983088
            ],
            "minTime": [
                2.253471
            ]
        }
    }
}